Packet,Number,Value,Answerline,Source,Answerline_Type,Source_Type,Source_Year,Creator,Author,Difficulty,Continent,Location,Language,Art/Pop,Genre,Decade,Notes
1,1,20,Wings of Desire [or Der Himmel über Berlin],,Film,,,,AP,3.5,North America,USA,English,Art,Drama,1980s,
1,1,15,,,,,,,,,,,,,,,
1,1,15,,,,,,,,,,,,,,,
1,1,15,,,,,,,,,,,,,,,
1,1,10,,,,,,,,,,,,,,,
1,1,10,,,,,,,,,,,,,,,
1,1,10,,,,,,,,,,,,,,,
1,1,10,,,,,,,,,,,,,,,
1,2,20,Secrets & Lies,,Film,,1996,,AP,5,Europe,England,English,Art,Drama,2000s,
1,2,15,,,,,,,,,,,,,,,
1,2,15,,,,,,,,,,,,,,,
1,2,15,,,,,,,,,,,,,,,
1,2,15,,,,,,,,,,,,,,,
1,2,10,,,,,,,,,,,,,,,
1,2,10,,,,,,,,,,,,,,,
1,2,10,,,,,,,,,,,,,,,
1,3,20,Sam Peckinpah [or David Samuel Peckinpah],Straw Dogs,Director,,,,AP,3.5,North America,USA,English,Art,Action,1970s,
1,3,15,,Straw Dogs,,,,,,,,,,,,,
1,3,15,,The Wild Bunch,,,,,,,,,,,,,
1,3,15,,The Wild Bunch,,,,,,,,,,,,,
1,3,10,,The Wild Bunch,,,,,,,,,,,,,
1,3,10,,Straw Dogs,,,,,,,,,,,,,
1,3,10,,The Wild Bunch,,,,,,,,,,,,,
1,3,10,,The Wild Bunch,,,,,,,,,,,,,
1,4,20,Dardenne brothers [or frères Dardenne; or Jean-Pierre and Luc Dardenne],The Child,Director,,,,AP,4.5,Europe,Belgium,French,Art,Drama,Mixed,
1,4,15,,"Two Days, One Night",,,,,,,,,,,,,
1,4,15,,The Unknown Girl,,,,,,,,,,,,,
1,4,15,,Rosetta,,,,,,,,,,,,,
1,4,15,,"Two Days, One Night",,,,,,,,,,,,,
1,4,10,,"Two Days, One Night",,,,,,,,,,,,,
1,4,10,,The Kid on the Bike,,,,,,,,,,,,,
1,4,10,,"Two Days, One Night",,,,,,,,,,,,,
1,5,20,The Killing of a X [or The Killing of a Chinese Bookie; or The Killing of a Sacred Deer],The Killing of a Chinese Bookie,Misc,,,,AP,2.5,Mixed,Mixed,English,Art,Mixed,2000s,
1,5,15,,The Killing of a Sacred Deer,,,,,,,,,,,,,
1,5,15,,The Killing of a Chinese Bookie,,,,,,,,,,,,,
1,5,15,,The Killing of a Chinese Bookie,,,,,,,,,,,,,
1,5,10,,The Killing of a Sacred Deer,,,,,,,,,,,,,
1,5,10,,The Killing of a Sacred Deer,,,,,,,,,,,,,
1,5,10,,The Killing of a Sacred Deer,,,,,,,,,,,,,
1,5,10,,The Killing of a Sacred Deer,,,,,,,,,,,,,
1,6,20,Minority Report,,Film,,,,AP,2.5,North America,USA,English,Pop,Scifi,2000s,
1,6,15,,,,,,,,,,,,,,,
1,6,15,,,,,,,,,,,,,,,
1,6,15,,,,,,,,,,,,,,,
1,6,10,,,,,,,,,,,,,,,
1,6,10,,,,,,,,,,,,,,,
1,6,10,,,,,,,,,,,,,,,
1,6,10,,,,,,,,,,,,,,,
1,7,20,Unforgiven,,Film,,,,AP,3.5,North America,USA,English,Art,Drama,1990s,
1,7,15,,,,,,,,,,,,,,,
1,7,15,,,,,,,,,,,,,,,
1,7,15,,,,,,,,,,,,,,,
1,7,10,,,,,,,,,,,,,,,
1,7,10,,,,,,,,,,,,,,,
1,7,10,,,,,,,,,,,,,,,
1,7,10,,,,,,,,,,,,,,,
1,8,20,"doubles [accept any answer describing an exact double or replica of the protagonist; reject answers describing ""clones"" or ""twins""]",The Double,Misc,,,,AP,2.5,Mixed,Mixed,English,Art,Mixed,2010s,
1,8,15,,The Double,,,,,,,,,,,,,
1,8,15,,The Double,,,,,,,,,,,,,
1,8,15,,Enemy,,,,,,,,,,,,,
1,8,10,,The Double,,,,,,,,,,,,,
1,8,10,,Enemy,,,,,,,,,,,,,
1,8,10,,Enemy,,,,,,,,,,,,,
1,8,10,,Enemy,,,,,,,,,,,,,
1,9,20,story [or gùshì; or monogatari; accept Police Story; accept Tokyo Story],Police Story,Misc,,1985,,AP,2.5,Asia,Mixed,Mixed,Art,Drama,Mixed,
1,9,15,,Police Story,,,1985,,,,,,,,,,
1,9,15,,Police Story,,,1985,,,,,,,,,,
1,9,15,,Police Story,,,1985,,,,,,,,,,
1,9,10,,Tokyo Story,,,,,,,,,,,,,
1,9,10,,Police Story,,,1985,,,,,,,,,,
1,9,10,,Police Story,,,1985,,,,,,,,,,
1,9,10,,Tokyo Story,,,,,,,,,,,,,
1,10,20,"Jesus Christ [or Christ; or Jesus of Nazareth; reject ""God""]",The Last Temptation of Christ,Character,,,,AP,2.5,North America,USA,Mixed,Mixed,Drama,Mixed,
1,10,15,,The Last Temptation of Christ,,,,,,,,,,,,,
1,10,15,,The Last Temptation of Christ,,,,,,,,,,,,,
1,10,15,,The Last Temptation of Christ,,,,,,,,,,,,,
1,10,10,,The Last Temptation of Christ,,,,,,,,,,,,,
1,10,10,,The Passion of the Christ,,,,,,,,,,,,,
1,10,10,,The Last Temptation of Christ,,,,,,,,,,,,,
1,10,10,,The Passion of the Christ,,,,,,,,,,,,,
2,1,20,Minari,,Film,,,,AP,3,North America,USA,Korean,Art,Drama,2020s,
2,1,15,,,,,,,,,,,,,,,
2,1,15,,,,,,,,,,,,,,,
2,1,15,,,,,,,,,,,,,,,
2,1,10,,,,,,,,,,,,,,,
2,1,10,,,,,,,,,,,,,,,
2,1,10,,,,,,,,,,,,,,,
2,1,10,,,,,,,,,,,,,,,
2,2,20,The Sacrifice [or Offret],,Film,,1986,,AP,5,Europe,Russia,Swedish,Art,Drama,1980s,
2,2,20,,,,,,,,,,,,,,,
2,2,15,,,,,,,,,,,,,,,
2,2,15,,,,,,,,,,,,,,,
2,2,15,,,,,,,,,,,,,,,
2,2,10,,,,,,,,,,,,,,,
2,2,10,,,,,,,,,,,,,,,
2,2,10,,,,,,,,,,,,,,,
2,3,20,Wes Craven [or Wesley Earl Craven],A Nightmare on Elm Street,Director,,,,AP,3,North America,USA,English,Pop,Horror,Mixed,
2,3,15,,The Hills Have Eyes,,,,,,,,,,,,,
2,3,15,,A Nightmare on Elm Street,,,,,,,,,,,,,
2,3,15,,The Hills Have Eyes,,,,,,,,,,,,,
2,3,10,,A Nightmare on Elm Street,,,,,,,,,,,,,
2,3,10,,A Nightmare on Elm Street,,,,,,,,,,,,,
2,3,10,,The Hills Have Eyes,,,,,,,,,,,,,
2,3,10,,A Nightmare on Elm Street,,,,,,,,,,,,,
2,4,20,Nichols [or Mike Nichols; or Jeff Nichols],Mud,Surname,,,,AP,3.5,North America,USA,English,Art,Mixed,Mixed,
2,4,15,,Mud,,,,,,,,,,,,,
2,4,15,,Mud,,,,,,,,,,,,,
2,4,15,,Take Shelter,,,,,,,,,,,,,
2,4,10,,Mud,,,,,,,,,,,,,
2,4,10,,The Graduate,,,,,,,,,,,,,
2,4,10,,The Graduate,,,,,,,,,,,,,
2,4,10,,The Graduate,,,,,,,,,,,,,
2,5,20,Apu [accept Apu Trilogy],Pather Panchali,Character,,1955,,AP,3.5,Asia,India,Bengali,Art,Drama,1950s,
2,5,15,,Pather Panchali,,,1955,,,,,,,,,,
2,5,15,,Pather Panchali,,,1955,,,,,,,,,,
2,5,15,,Aparajito,,,,,,,,,,,,,
2,5,10,,Pather Panchali,,,1955,,,,,,,,,,
2,5,10,,Pather Panchali,,,1955,,,,,,,,,,
2,5,10,,Pather Panchali,,,1955,,,,,,,,,,
2,5,10,,Pather Panchali,,,1955,,,,,,,,,,
2,6,20,David Fincher [or David Andrew Leo Fincher],"""Bad Girl""",Director,Music Video,,,AP,2.5,North America,USA,English,Pop,Musical,1990s,
2,6,15,,"""Bad Girl""",,Music Video,,,,,,,,,,,
2,6,15,,"""Express Yourself""",,Music Video,,,,,,,,,,,
2,6,15,,"""Express Yourself""",,Music Video,,,,,,,,,,,
2,6,10,,"""Express Yourself""",,Music Video,,,,,,,,,,,
2,6,10,,"""Vogue""",,Music Video,,,,,,,,,,,
2,6,10,,"""Vogue""",,Music Video,,,,,,,,,,,
2,6,10,,"""Vogue""",,Music Video,,,,,,,,,,,
2,7,20,Faust [or Faust – A German Folktale; or Faust – Eine deutsche Volkssage; or Lekce Faust; or Lesson Faust; accept Mephisto; accept Mephistopheles],Faust,Misc,,1926,,AP,3.5,Mixed,Mixed,Mixed,Art,Mixed,Mixed,
2,7,20,,Faust,,,1926,,,,,,,,,,
2,7,15,,Lekce Faust,,,1994,,,,,,,,,,
2,7,15,,Lekce Faust,,,1994,,,,,,,,,,
2,7,15,,Mephisto,,,1981,,,,,,,,,,
2,7,10,,Faust,,,1926,,,,,,,,,,
2,7,10,,Faust,,,1926,,,,,,,,,,
2,7,10,,Faust,,,1926,,,,,,,,,,
2,8,20,Kazuo Ishiguro [or Ishiguro Kazuo],Never Let Me Go,Figure,,,,AP,2,North America,USA,English,Pop,Mixed,1990s,
2,8,15,,Never Let Me Go,,,,,,,,,,,,,
2,8,15,,The Remains of the Day,,,,,,,,,,,,,
2,8,15,,Never Let Me Go,,,,,,,,,,,,,
2,8,10,,The Remains of the Day,,,,,,,,,,,,,
2,8,10,,Never Let Me Go,,,,,,,,,,,,,
2,8,10,,Never Let Me Go,,,,,,,,,,,,,
2,8,10,,The Remains of the Day,,,,,,,,,,,,,
2,9,20,wild [or Something Wild; or Wild at Heart],Something Wild,Misc,,,,AP,3,North America,USA,English,Art,Drama,Mixed,
2,9,15,,Something Wild,,,,,,,,,,,,,
2,9,15,,Wild at Heart,,,,,,,,,,,,,
2,9,15,,Something Wild,,,,,,,,,,,,,
2,9,10,,Something Wild,,,,,,,,,,,,,
2,9,10,,Wild at Heart,,,,,,,,,,,,,
2,9,10,,Wild at Heart,,,,,,,,,,,,,
2,9,10,,Wild at Heart,,,,,,,,,,,,,
2,10,20,Takeshi Kitano [or Beat Takeshi; prompt on Takeshi],Sonatine,Director,,,,AP,4,Asia,Japan,Japanese,Art,Mixed,Mixed,
2,10,15,,Takeshi's Challenge,,Video Game,,,,,,,,,,,
2,10,15,,Hana-bi,,,,,,,,,,,,,
2,10,15,,Sonatine,,,,,,,,,,,,,
2,10,15,,Hana-bi,,,,,,,,,,,,,
2,10,10,,Hana-bi,,,,,,,,,,,,,
2,10,10,,Kikujiro,,,,,,,,,,,,,
2,10,10,,Hana-bi,,,,,,,,,,,,,
3,1,20,El Mariachi,,Film,,,,AP,3.5,North America,USA,English,Pop,Mixed,2000s,
3,1,20,,,,,,,,,,,,,,,
3,1,15,,,,,,,,,,,,,,,
3,1,15,,,,,,,,,,,,,,,
3,1,15,,,,,,,,,,,,,,,
3,1,10,,,,,,,,,,,,,,,
3,1,10,,,,,,,,,,,,,,,
3,1,10,,,,,,,,,,,,,,,
3,2,20,British Pakistanis [or Pakistanis in Great Britain; or Pakistanis in the United Kingdom; or Pakistanis in England; accept British Muslims],My Beautiful Laundrette,Misc,,,,AP,3.5,Europe,England,English,Mixed,Mixed,Mixed,
3,2,15,,Four Lions,,,,,,,,,,,,,
3,2,15,,Four Lions,,,,,,,,,,,,,
3,2,15,,Four Lions,,,,,,,,,,,,,
3,2,10,,My Beautiful Laundrette,,,,,,,,,,,,,
3,2,10,,Four Lions,,,,,,,,,,,,,
3,2,10,,Four Lions,,,,,,,,,,,,,
3,2,10,,Four Lions,,,,,,,,,,,,,
3,3,20,Emma,Clueless,Misc,,,,AP,2,North America,USA,English,Pop,Comedy,Mixed,
3,3,15,,Clueless,,,,,,,,,,,,,
3,3,15,,Emma,,,2020,,,,,,,,,,
3,3,15,,Clueless,,,,,,,,,,,,,
3,3,10,,Emma,,,2020,,,,,,,,,,
3,3,10,,Clueless,,,,,,,,,,,,,
3,3,10,,Emma,,,2020,,,,,,,,,,
3,3,10,,Clueless,,,,,,,,,,,,,
3,4,20,Roman Holiday,,Film,,,,AP,2.5,North America,USA,English,Art,Mixed,1950s,
3,4,15,,,,,,,,,,,,,,,
3,4,15,,,,,,,,,,,,,,,
3,4,15,,,,,,,,,,,,,,,
3,4,10,,,,,,,,,,,,,,,
3,4,10,,,,,,,,,,,,,,,
3,4,10,,,,,,,,,,,,,,,
3,4,10,,,,,,,,,,,,,,,
3,5,20,Guy Ritchie [or Guy Stuart Ritchie],"Lock, Stock and Two Smoking Barrels",Director,,,,AP,2.5,Europe,England,English,Pop,Action,1990s,
3,5,15,,Snatch,,,,,,,,,,,,,
3,5,15,,"Lock, Stock and Two Smoking Barrels",,,,,,,,,,,,,
3,5,15,,Snatch,,,,,,,,,,,,,
3,5,10,,"Lock, Stock and Two Smoking Barrels",,,,,,,,,,,,,
3,5,10,,Snatch,,,,,,,,,,,,,
3,5,10,,Snatch,,,,,,,,,,,,,
3,5,10,,Snatch,,,,,,,,,,,,,
3,6,20,Cape Fear,,Film,,,,AP,3,North America,USA,English,Pop,Drama,1990s,
3,6,15,,,,,,,,,,,,,,,
3,6,15,,,,,,,,,,,,,,,
3,6,15,,,,,,,,,,,,,,,
3,6,10,,,,,,,,,,,,,,,
3,6,10,,,,,,,,,,,,,,,
3,6,10,,,,,,,,,,,,,,,
3,6,10,,,,,,,,,,,,,,,
3,7,20,Wall Street,,Film,,,,AP,2,North America,USA,English,Pop,Drama,1980s,
3,7,15,,,,,,,,,,,,,,,
3,7,15,,,,,,,,,,,,,,,
3,7,15,,,,,,,,,,,,,,,
3,7,10,,,,,,,,,,,,,,,
3,7,10,,,,,,,,,,,,,,,
3,7,10,,,,,,,,,,,,,,,
3,7,10,,,,,,,,,,,,,,,
3,8,20,A Serious Man,,Film,,,,AP,3,North America,USA,English,Art,Drama,2000s,
3,8,15,,,,,,,,,,,,,,,
3,8,15,,,,,,,,,,,,,,,
3,8,15,,,,,,,,,,,,,,,
3,8,10,,,,,,,,,,,,,,,
3,8,10,,,,,,,,,,,,,,,
3,8,10,,,,,,,,,,,,,,,
3,8,10,,,,,,,,,,,,,,,
3,9,20,Polish [or polski; or język polski; or polszczyzna],Ida,Language,,,,AP,4.5,Europe,Poland,Polish,Art,Drama,Mixed,
3,9,15,,Cold War,,,2018,,,,,,,,,,
3,9,15,,Cold War,,,2019,,,,,,,,,,
3,9,15,,Ida,,,,,,,,,,,,,
3,9,15,,Ida,,,,,,,,,,,,,
3,9,10,,Cold War,,,2018,,,,,,,,,,
3,9,10,,Ida,,,,,,,,,,,,,
3,9,10,,Cold War,,,2018,,,,,,,,,,
3,10,20,12 Years a Slave,,Film,,,,AP,2.5,Europe,England,English,Art,Drama,2010s,
3,10,15,,,,,,,,,,,,,,,
3,10,15,,,,,,,,,,,,,,,
3,10,15,,,,,,,,,,,,,,,
3,10,10,,,,,,,,,,,,,,,
3,10,10,,,,,,,,,,,,,,,
3,10,10,,,,,,,,,,,,,,,
3,10,10,,,,,,,,,,,,,,,
4,1,20,Chantal Akerman [or Chantal Anne Akerman],Portrait of a Young Girl at the End of the 60s in Brussels,Director,,,,AP,4,Europe,Belgium,Dutch,Art,Drama,Mixed,
4,1,15,,The Meetings of Anna,,,,,,,,,,,,,
4,1,15,,Je Tu Il Elle,,,,,,,,,,,,,
4,1,15,,News from Home,,,,,,,,,,,,,
4,1,10,,"Jeanne Dielman, 23, quai du Commerce, 1080 Bruxelles",,,,,,,,,,,,,
4,1,10,,"Jeanne Dielman, 23, quai du Commerce, 1080 Bruxelles",,,,,,,,,,,,,
4,1,10,,"Jeanne Dielman, 23, quai du Commerce, 1080 Bruxelles",,,,,,,,,,,,,
4,1,10,,"Jeanne Dielman, 23, quai du Commerce, 1080 Bruxelles",,,,,,,,,,,,,
4,2,20,documentaries,Titicut Follies,Misc,,,,AP,4.5,North America,USA,English,Art,Documentary,Mixed,
4,2,15,,Titicut Follies,,,,,,,,,,,,,
4,2,15,,Grey Gardens,,,1975,,,,,,,,,,
4,2,15,,Grey Gardens,,,1975,,,,,,,,,,
4,2,10,,Grey Gardens,,,1975,,,,,,,,,,
4,2,10,,Salesman,,,,,,,,,,,,,
4,2,10,,Titicut Follies,,,,,,,,,,,,,
4,2,10,,Grey Gardens,,,1975,,,,,,,,,,
4,3,20,My Darling Clementine,,Film,,,,AP,4,North America,USA,English,Art,Drama,1940s,
4,3,15,,,,,,,,,,,,,,,
4,3,15,,,,,,,,,,,,,,,
4,3,15,,,,,,,,,,,,,,,
4,3,15,,,,,,,,,,,,,,,
4,3,10,,,,,,,,,,,,,,,
4,3,10,,,,,,,,,,,,,,,
4,3,10,,,,,,,,,,,,,,,
4,4,20,Indonesia [or Republic of Indonesia; or Republik Indonesia],The Act of Killing,Misc,,,,AP,4,Mixed,Mixed,Mixed,Art,Mixed,2010s,
4,4,15,,The Act of Killing,,,,,,,,,,,,,
4,4,15,,The Act of Killing,,,,,,,,,,,,,
4,4,15,,The Act of Killing,,,,,,,,,,,,,
4,4,10,,The Act of Killing,,,,,,,,,,,,,
4,4,10,,The Raid,,,,,,,,,,,,,
4,4,10,,The Act of Killing,,,,,,,,,,,,,
4,4,10,,The Raid,,,,,,,,,,,,,
4,5,20,Fallen Angels [or Duòluò tiānshǐ],,Film,,,,AP,4,Asia,Hong Kong,Cantonese,Art,Drama,1990s,
4,5,15,,,,,,,,,,,,,,,
4,5,15,,,,,,,,,,,,,,,
4,5,15,,,,,,,,,,,,,,,
4,5,10,,,,,,,,,,,,,,,
4,5,10,,,,,,,,,,,,,,,
4,5,10,,,,,,,,,,,,,,,
4,5,10,,,,,,,,,,,,,,,
4,6,20,The Royal Tenenbaums,,Film,,,,AP,2,North America,USA,English,Art,Drama,2000s,
4,6,15,,,,,,,,,,,,,,,
4,6,15,,,,,,,,,,,,,,,
4,6,15,,,,,,,,,,,,,,,
4,6,10,,,,,,,,,,,,,,,
4,6,10,,,,,,,,,,,,,,,
4,6,10,,,,,,,,,,,,,,,
4,6,10,,,,,,,,,,,,,,,
4,7,20,Clive Barker,Nightbreed,Crew,,,,AP,3.5,Europe,England,English,Pop,Horror,Mixed,
4,7,15,,Hellraiser,,,,,,,,,,,,,
4,7,15,,Hellraiser,,,,,,,,,,,,,
4,7,15,,Hellraiser,,,,,,,,,,,,,
4,7,10,,Candyman,,,1992,,,,,,,,,,
4,7,10,,Candyman,,,1992,,,,,,,,,,
4,7,10,,Candyman,,,1992,,,,,,,,,,
4,7,10,,Hellraiser,,,,,,,,,,,,,
4,8,20,"L'Avventura (""lah-ven-TOO-rah"")",L'Avventura,Film,,,,AP,3.5,Europe,Italy,Italian,Art,Drama,1960s,
4,8,15,,,,,,,,,,,,,,,
4,8,15,,,,,,,,,,,,,,,
4,8,15,,,,,,,,,,,,,,,
4,8,10,,,,,,,,,,,,,,,
4,8,10,,,,,,,,,,,,,,,
4,8,10,,,,,,,,,,,,,,,
4,8,10,,,,,,,,,,,,,,,
4,9,20,A Matter of Life and Death,,Film,,,,AP,3.5,Europe,England,English,Art,Drama,1940s,
4,9,15,,,,,,,,,,,,,,,
4,9,15,,,,,,,,,,,,,,,
4,9,15,,,,,,,,,,,,,,,
4,9,10,,,,,,,,,,,,,,,
4,9,10,,,,,,,,,,,,,,,
4,9,10,,,,,,,,,,,,,,,
4,9,10,,,,,,,,,,,,,,,
4,10,20,Norway [or Norge; or Noreg; or Kingdom of Norway; or Kongeriket Norge; or Kongeriket Noreg],"Oslo, August 31st",Location,,,,AP,2.5,Europe,Norway,Norwegian,Mixed,Mixed,2000s,
4,10,15,,The Pinchcliffe Grand Prix,,,,,,,,,,,,,
4,10,15,,The Worst Person in the World,,,,,,,,,,,,,
4,10,15,,The Worst Person in the World,,,,,,,,,,,,,
4,10,10,,Headhunters,,,2011,,,,,,,,,,
4,10,10,,The Worst Person in the World,,,,,,,,,,,,,
4,10,10,,"Oslo, August 31st",,,,,,,,,,,,,
4,10,10,,The Worst Person in the World,,,,,,,,,,,,,
5,1,20,Farewell My Concubine [or Bà Wáng Bié Jī],,Film,,,,AP,4,Asia,China,Mandarin,Art,Drama,1990s,
5,1,15,,,,,,,,,,,,,,,
5,1,15,,,,,,,,,,,,,,,
5,1,15,,,,,,,,,,,,,,,
5,1,10,,,,,,,,,,,,,,,
5,1,10,,,,,,,,,,,,,,,
5,1,10,,,,,,,,,,,,,,,
5,1,10,,,,,,,,,,,,,,,
5,2,20,dragon [or Enter the Dragon; or The Way of the Dragon],Enter the Dragon,Misc,,,,AP,2,North America,USA,English,Pop,Action,1970s,
5,2,15,,Enter the Dragon,,,,,,,,,,,,,
5,2,15,,The Way of the Dragon,,,,,,,,,,,,,
5,2,15,,Enter the Dragon,,,,,,,,,,,,,
5,2,10,,Enter the Dragon,,,,,,,,,,,,,
5,2,10,,Enter the Dragon,,,,,,,,,,,,,
5,2,10,,The Way of the Dragon,,,,,,,,,,,,,
5,2,10,,Enter the Dragon,,,,,,,,,,,,,
5,3,20,Mads Mikkelsen [or Mads Dittmann Mikkelsen],The Hunt,Crew,,,Thomas Vinterberg,AP,3,Europe,Denmark,Danish,Art,Drama,2010s,
5,3,15,,The Hunt,,,,Thomas Vinterberg,,,,,,,,,
5,3,15,,Another Round,,,,Thomas Vinterberg,,,,,,,,,
5,3,15,,Another Round,,,,Thomas Vinterberg,,,,,,,,,
5,3,10,,The Hunt,,,,Thomas Vinterberg,,,,,,,,,
5,3,10,,The Hunt,,,,Thomas Vinterberg,,,,,,,,,
5,3,10,,Another Round,,,,Thomas Vinterberg,,,,,,,,,
5,3,10,,Another Round,,,,Thomas Vinterberg,,,,,,,,,
5,4,20,Park Chan-wook [or Chan-wook Park],Lady Vengeance,Director,,,,AP,3,Asia,South Korea,Korean,Art,Action,2000s,
5,4,15,,Sympathy for Mr. Vengeance,,,,,,,,,,,,,
5,4,15,,Lady Vengeance,,,,,,,,,,,,,
5,4,15,,Sympathy for Mr. Vengeance,,,,,,,,,,,,,
5,4,10,,Lady Vengeance,,,,,,,,,,,,,
5,4,10,,Lady Vengeance,,,,,,,,,,,,,
5,4,10,,Sympathy for Mr. Vengeance,,,,,,,,,,,,,
5,4,10,,Lady Vengeance,,,,,,,,,,,,,
5,5,20,Kelly Reichardt,Night Moves,Director,,,,AP,4,North America,USA,English,Art,Drama,2000s,
5,5,15,,Wendy and Lucy,,,,,,,,,,,,,
5,5,15,,First Cow,,,,,,,,,,,,,
5,5,15,,Wendy and Lucy,,,,,,,,,,,,,
5,5,10,,Old Joy,,,,,,,,,,,,,
5,5,10,,Certain Women,,,,,,,,,,,,,
5,5,10,,Wendy and Lucy,,,,,,,,,,,,,
5,5,10,,First Cow,,,,,,,,,,,,,
5,6,20,Possession,,Film,,1983,,AP,3.5,Europe,Mixed,Mixed,Art,Horror,1980s,
5,6,15,,,,,,,,,,,,,,,
5,6,15,,,,,,,,,,,,,,,
5,6,15,,,,,,,,,,,,,,,
5,6,10,,,,,,,,,,,,,,,
5,6,10,,,,,,,,,,,,,,,
5,6,10,,,,,,,,,,,,,,,
5,6,10,,,,,,,,,,,,,,,
5,7,20,Aftersun,,Film,,,,AP,3,Europe,England,English,Art,Drama,2020s,
5,7,15,,,,,,,,,,,,,,,
5,7,15,,,,,,,,,,,,,,,
5,7,15,,,,,,,,,,,,,,,
5,7,10,,,,,,,,,,,,,,,
5,7,10,,,,,,,,,,,,,,,
5,7,10,,,,,,,,,,,,,,,
5,7,10,,,,,,,,,,,,,,,
5,8,20,"Le bonheur (""luh boh-NURR"") [or Happiness]",,Film,,1965,,AP,3.5,Europe,France,French,Art,Drama,1960s,
5,8,15,,,,,,,,,,,,,,,
5,8,15,,,,,,,,,,,,,,,
5,8,15,,,,,,,,,,,,,,,
5,8,15,,,,,,,,,,,,,,,
5,8,10,,,,,,,,,,,,,,,
5,8,10,,,,,,,,,,,,,,,
5,8,10,,,,,,,,,,,,,,,
5,9,20,journalists [or reporters],All the President's Men,Misc,,,,AP,1.5,North America,USA,English,Pop,Drama,Mixed,
5,9,15,,All the President's Men,,,,,,,,,,,,,
5,9,15,,All the President's Men,,,,,,,,,,,,,
5,9,15,,Spotlight,,,,,,,,,,,,,
5,9,10,,All the President's Men,,,,,,,,,,,,,
5,9,10,,All the President's Men,,,,,,,,,,,,,
5,9,10,,Spotlight,,,,,,,,,,,,,
5,9,10,,All the President's Men,,,,,,,,,,,,,
5,10,20,mothers [or Mother India; or Mother!; or Madeo],Mother India,Misc,,,,AP,2.5,Mixed,Mixed,Mixed,Art,Drama,Mixed,
5,10,15,,Mother,,,2010,,,,,,,,,,
5,10,15,,Mother,,,2010,,,,,,,,,,
5,10,15,,Mother,,,2010,,,,,,,,,,
5,10,10,,Mother!,,,2017,,,,,,,,,,
5,10,10,,Mother,,,2010,,,,,,,,,,
5,10,10,,Mother!,,,2017,,,,,,,,,,
5,10,10,,Mother!,,,2017,,,,,,,,,,
6,1,20,Stockholm,The Square,Location,,2017,,AP,4.5,Europe,Sweden,Swedish,Art,Mixed,Mixed,
6,1,15,,The Square,,,2017,,,,,,,,,,
6,1,15,,The Square,,,2017,,,,,,,,,,
6,1,15,,Let the Right One In,,,,,,,,,,,,,
6,1,15,,The Square,,,2017,,,,,,,,,,
6,1,10,,The Square,,,2017,,,,,,,,,,
6,1,10,,Let the Right One In,,,,,,,,,,,,,
6,1,10,,The Square,,,2017,,,,,,,,,,
6,2,20,Beastie Boys,"""Shadrach""",Misc,Music Video,,Adam Yauch,AP,2.5,North America,USA,English,Pop,Mixed,1990s,
6,2,15,,"""Sabotage""",,Music Video,,Spike Jonze,,,,,,,,,
6,2,15,,"""So What'cha Want""",,Music Video,,Adam Yauch,,,,,,,,,
6,2,15,,"""Fight For Your Right, Revisited""",,Music Video,,Adam Yauch,,,,,,,,,
6,2,10,,"""You Gotta Fight For Your Right To Party""",,Music Video,,"Ric Menello, Adam Dubin",,,,,,,,,
6,2,10,,"""Sabotage""",,Music Video,,Spike Jonze,,,,,,,,,
6,2,10,,"""Intergalactic""",,Music Video,,Adam Yauch,,,,,,,,,
6,2,10,,"""Fight For Your Right Revisited""",,Music Video,,Adam Yauch,,,,,,,,,
6,3,20,Brazil [or Brasil; or Federative Republic of Brazil; or República Federativa do Brasil],Neighboring Sounds,Location,,,,AP,2,South America,Brazil,Portuguese,Art,Drama,Mixed,
6,3,15,,Bacurau,,,,,,,,,,,,,
6,3,15,,City of God,,,,,,,,,,,,,
6,3,15,,Aquarius,,,,,,,,,,,,,
6,3,10,,Bacurau,,,,,,,,,,,,,
6,3,10,,City of God,,,,,,,,,,,,,
6,3,10,,City of God,,,,,,,,,,,,,
6,3,10,,City of God,,,,,,,,,,,,,
6,4,20,New Zealand [or Aotearoa],Once Were Warriors,Misc,,,,AP,2.5,Oceania,New Zealand,English,Pop,Drama,Mixed,
6,4,15,,"Two Cars, One Night",,,,,,,,,,,,,
6,4,15,,Hunt for the Wilderpeople,,,,,,,,,,,,,
6,4,15,,Boy,,,,,,,,,,,,,
6,4,10,,Hunt for the Wilderpeople,,,,,,,,,,,,,
6,4,10,,Hunt for the Wilderpeople,,,,,,,,,,,,,
6,4,10,,Whale Rider,,,,,,,,,,,,,
6,4,10,,Hunt for the Wilderpeople,,,,,,,,,,,,,
6,5,20,Stephen Chow [or Stephen Chow Sing-chi],Shaolin Soccer,Director,,,,AP,3.5,Asia,Hong Kong,Cantonese,Pop,Comedy,Mixed,
6,5,15,,Kung Fu Hustle,,,,,,,,,,,,,
6,5,15,,Kung Fu Hustle,,,,,,,,,,,,,
6,5,15,,Kung Fu Hustle,,,,,,,,,,,,,
6,5,10,,Kung Fu Hustle,,,,,,,,,,,,,
6,5,10,,Kung Fu Hustle,,,,,,,,,,,,,
6,5,10,,Kung Fu Hustle,,,,,,,,,,,,,
6,5,10,,Shaolin Soccer,,,,,,,,,,,,,
6,6,20,Paul Schrader,First Reformed,Director,,,,AP,3,Europe,England,English,Art,Horror,1970s,
6,6,15,,First Reformed,,,,,,,,,,,,,
6,6,15,,First Reformed,,,,,,,,,,,,,
6,6,15,,First Reformed,,,,,,,,,,,,,
6,6,10,,Transcendental Style in Film,,Book,,,,,,,,,,,
6,6,10,,First Reformed,,,,,,,,,,,,,
6,6,10,,First Reformed,,,,,,,,,,,,,
6,6,10,,First Reformed,,,,,,,,,,,,,
6,7,20,Greta Garbo [or Greta Lovisa Gustafsson],Ninotchka,Crew,,,,AP,3,North America,USA,English,Pop,Drama,1930s,
6,7,15,,Ninotchka,,,,,,,,,,,,,
6,7,15,,Ninotchka,,,,,,,,,,,,,
6,7,15,,Ninotchka,,,,,,,,,,,,,
6,7,10,,Ninotchka,,,,,,,,,,,,,
6,7,10,,"""The Face of Garbo""",,Essay,,Roland Barthes,,,,,,,,,
6,7,10,,Grand Hotel,,,,,,,,,,,,,
6,7,10,,Queen Christina,,,,,,,,,,,,,
6,8,20,Shaft,,Film,,1971,,AP,3,North America,USA,English,Art,Action,1970s,
6,8,15,,,,,,,,,,,,,,,
6,8,15,,,,,,,,,,,,,,,
6,8,15,,,,,,,,,,,,,,,
6,8,10,,,,,,,,,,,,,,,
6,8,10,,,,,,,,,,,,,,,
6,8,10,,,,,,,,,,,,,,,
6,8,10,,,,,,,,,,,,,,,
6,9,20,Talking Heads [accept David Byrne],True Stories,Misc,,,,AP,3.5,North America,USA,English,Art,Mixed,1980s,
6,9,15,,True Stories,,,,,,,,,,,,,
6,9,15,,Stop Making Sense,,,,,,,,,,,,,
6,9,15,,Stop Making Sense,,,,,,,,,,,,,
6,9,10,,True Stories,,,,,,,,,,,,,
6,9,10,,True Stories,,,,,,,,,,,,,
6,9,10,,Stop Making Sense,,,,,,,,,,,,,
6,9,10,,Stop Making Sense,,,,,,,,,,,,,
6,10,20,"Henri-Georges Clouzot (""awn-REE-zhorzh cloo-ZOH"")",The Wages of Fear,Director,,,,AP,4.5,Europe,France,French,Art,Drama,1950s,
6,10,15,,Diabolique,,,,,,,,,,,,,
6,10,15,,The Wages of Fear,,,,,,,,,,,,,
6,10,15,,Diabolique,,,,,,,,,,,,,
6,10,10,,Diabolique,,,,,,,,,,,,,
6,10,10,,The Wages of Fear,,,,,,,,,,,,,
6,10,10,,The Wages of Fear,,,,,,,,,,,,,
6,10,10,,Diabolique,,,,,,,,,,,,,
7,1,20,Jacques Tati,Trafic,Director,,,,AP,3.5,Europe,France,French,Art,Comedy,Mixed,
7,1,15,,Mon Oncle,,,,,,,,,,,,,
7,1,15,,Monsieur Hulot's Holiday,,,,,,,,,,,,,
7,1,15,,Playtime,,,,,,,,,,,,,
7,1,10,,Playtime,,,,,,,,,,,,,
7,1,10,,Mon Oncle,,,,,,,,,,,,,
7,1,10,,Playtime,,,,,,,,,,,,,
7,1,10,,Mon Oncle,,,,,,,,,,,,,
7,2,20,Sullivan's Travels,,Film,,,,AP,3,North America,USA,English,Art,Comedy,1940s,
7,2,15,,,,,,,,,,,,,,,
7,2,15,,,,,,,,,,,,,,,
7,2,15,,,,,,,,,,,,,,,
7,2,10,,,,,,,,,,,,,,,
7,2,10,,,,,,,,,,,,,,,
7,2,10,,,,,,,,,,,,,,,
7,2,10,,,,,,,,,,,,,,,
7,3,20,Willem Dafoe [or William James Dafoe; prompt on Carson Clay],Shadow of the Vampire,Crew,,,,AP,2,North America,USA,English,Pop,Mixed,Mixed,
7,3,15,,The Florida Project,,,,,,,,,,,,,
7,3,15,,Mr. Bean's Holiday,,,,,,,,,,,,,
7,3,15,,The Lighthouse,,,,,,,,,,,,,
7,3,10,,Spider-Man,,,,,,,,,,,,,
7,3,10,,The Lighthouse,,,,,,,,,,,,,
7,3,10,,The Lighthouse,,,,,,,,,,,,,
7,3,10,,Spider-Man,,,,,,,,,,,,,
7,4,20,Kill Bill [or Kill Bill: Volume 1; or Kill Bill: Volume 2],Kill Bill: Volume 1,Film,,,,AP,2,North America,USA,English,Pop,Action,2000s,
7,4,15,,Kill Bill: Volume 2,,,,,,,,,,,,,
7,4,15,,Kill Bill: Volume 2,,,,,,,,,,,,,
7,4,15,,Kill Bill: Volume 1,,,,,,,,,,,,,
7,4,10,,Kill Bill: Volume 2,,,,,,,,,,,,,
7,4,10,,Kill Bill: Volume 1,,,,,,,,,,,,,
7,4,10,,Kill Bill: Volume 1,,,,,,,,,,,,,
7,4,10,,Kill Bill: Volume 1,,,,,,,,,,,,,
7,5,20,Lynne Ramsay,You Were Never Really Here,Director,,,,AP,4,Mixed,Scotland,English,Art,Drama,Mixed,
7,5,15,,We Need to Talk About Kevin,,,,,,,,,,,,,
7,5,15,,You Were Never Really Here,,,,,,,,,,,,,
7,5,15,,We Need to Talk About Kevin,,,,,,,,,,,,,
7,5,10,,We Need to Talk About Kevin,,,,,,,,,,,,,
7,5,10,,We Need to Talk About Kevin,,,,,,,,,,,,,
7,5,10,,Ratcatcher,,,,,,,,,,,,,
7,5,10,,We Need to Talk About Kevin,,,,,,,,,,,,,
7,6,20,Soviet Union [or USSR; or Union of Soviet Socialist Republics; accept Belarus; prompt on Russia],The Ascent,Location,,1977,,AP,3,Europe,Russia,Russian,Art,Drama,Mixed,
7,6,15,,Come and See,,,,,,,,,,,,,
7,6,15,,The Ascent,,,1977,,,,,,,,,,
7,6,15,,Come and See,,,,,,,,,,,,,
7,6,10,,Come and See,,,,,,,,,,,,,
7,6,10,,The Ascent,,,1977,,,,,,,,,,
7,6,10,,Come and See,,,,,,,,,,,,,
7,6,10,,Come and See,,,,,,,,,,,,,
7,7,20,Witness [or Witness for the Prosecution],Witness,Misc,,,,AP,2.5,North America,USA,English,Mixed,Drama,Mixed,
7,7,15,,Witness,,,,,,,,,,,,,
7,7,15,,Witness,,,,,,,,,,,,,
7,7,15,,Witness for the Prosecution,,,,,,,,,,,,,
7,7,10,,Witness,,,,,,,,,,,,,
7,7,10,,Witness for the Prosecution,,,,,,,,,,,,,
7,7,10,,Witness for the Prosecution,,,,,,,,,,,,,
7,7,10,,Witness for the Prosecution,,,,,,,,,,,,,
7,8,20,Minnesota [or MN],A Simple Plan,Misc,,,,AP,2,Mixed,Mixed,English,Mixed,Mixed,1960s,
7,8,15,,A Simple Plan,,,,,,,,,,,,,
7,8,15,,Fargo,,,,,,,,,,,,,
7,8,15,,A Simple Plan,,,,,,,,,,,,,
7,8,10,,Fargo,,,,,,,,,,,,,
7,8,10,,Fargo,,,,,,,,,,,,,
7,8,10,,Fargo,,,,,,,,,,,,,
7,8,10,,Fargo,,,,,,,,,,,,,
7,9,20,William Shakespeare,Haider,Figure,,,,AP,3,Asia,Mixed,Mixed,Art,Drama,Mixed,
7,9,15,,Ran,,,1985,,,,,,,,,,
7,9,15,,Ran,,,1985,,,,,,,,,,
7,9,15,,Throne of Blood,,,,,,,,,,,,,
7,9,10,,Throne of Blood,,,,,,,,,,,,,
7,9,10,,Throne of Blood,,,,,,,,,,,,,
7,9,10,,Ran,,,1985,,,,,,,,,,
7,9,10,,Throne of Blood,,,,,,,,,,,,,
7,10,20,madness [or A Page of Madness; or In the Mouth of Madness; accept Kurutta Ichipeiji],In the Mouth of Madness,Misc,,,,AP,3,Mixed,Mixed,Mixed,Mixed,Horror,Mixed,
7,10,15,,A Page of Madness,,,,,,,,,,,,,
7,10,15,,A Page of Madness,,,,,,,,,,,,,
7,10,15,,In the Mouth of Madness,,,,,,,,,,,,,
7,10,10,,In the Mouth of Madness,,,,,,,,,,,,,
7,10,10,,In the Mouth of Madness,,,,,,,,,,,,,
7,10,10,,In the Mouth of Madness,,,,,,,,,,,,,
7,10,10,,In the Mouth of Madness,,,,,,,,,,,,,
8,1,20,Sergio Leone,Once Upon a Time in the West,Director,,,,AP,3.5,Europe,Italy,English,Art,Drama,Mixed,
8,1,15,,Once Upon a Time in America,,,,,,,,,,,,,
8,1,15,,Once Upon a Time in America,,,,,,,,,,,,,
8,1,15,,Once Upon a Time in America,,,,,,,,,,,,,
8,1,10,,Once Upon a Time in the West,,,,,,,,,,,,,
8,1,10,,Once Upon a Time in the West,,,,,,,,,,,,,
8,1,10,,Once Upon a Time in America,,,,,,,,,,,,,
8,1,10,,Once Upon a Time in the West,,,,,,,,,,,,,
8,2,20,The Holy Mountain [or La montaña sagrada],,Film,,,,AP,4,South America,Chile,Spanish,Art,Experimental,1970s,
8,2,15,,,,,,,,,,,,,,,
8,2,15,,,,,,,,,,,,,,,
8,2,15,,,,,,,,,,,,,,,
8,2,10,,,,,,,,,,,,,,,
8,2,10,,,,,,,,,,,,,,,
8,2,10,,,,,,,,,,,,,,,
8,2,10,,,,,,,,,,,,,,,
8,3,20,Alain Delon [or Alain Fabien Maurice Marcel Delon],Un Flic,Crew,,,,AP,3.5,Europe,France,Mixed,Art,Drama,Mixed,
8,3,15,,Le Samouraï,,,,,,,,,,,,,
8,3,15,,Purple Noon,,,,,,,,,,,,,
8,3,15,,La Piscine,,,,,,,,,,,,,
8,3,10,,Le Samouraï,,,,,,,,,,,,,
8,3,10,,Le Samouraï,,,,,,,,,,,,,
8,3,10,,Le Samouraï,,,,,,,,,,,,,
8,3,10,,Le Samouraï,,,,,,,,,,,,,
8,4,20,Eve's Bayou,,Film,,,,AP,4.5,North America,USA,English,Art,Drama,1990s,
8,4,20,,,,,,,,,,,,,,,
8,4,20,,,,,,,,,,,,,,,
8,4,15,,,,,,,,,,,,,,,
8,4,15,,,,,,,,,,,,,,,
8,4,10,,,,,,,,,,,,,,,
8,4,10,,,,,,,,,,,,,,,
8,4,10,,,,,,,,,,,,,,,
8,5,20,Arabic [or ʿarabī; or al-ʿarabiyyah; accept specific forms of Arabic like Lebanese Arabic or Egyptian Arabic],The Insult,Misc,,2017,,AP,4.5,Asia,Mixed,Arabic,Pop,Drama,Mixed,
8,5,15,,Capernaum,,,,,,,,,,,,,
8,5,15,,Caramel,,,2007,,,,,,,,,,
8,5,15,,The Present,,,,Farah Nabulsi,,,,,,,,,
8,5,10,,Paradise Now,,,,,,,,,,,,,
8,5,10,,Capernaum,,,,,,,,,,,,,
8,5,10,,Cairo Station,,,,,,,,,,,,,
8,5,10,,Wadjda,,,,,,,,,,,,,
8,6,20,Berlin,Run Lola Run,Misc,,,,AP,3,Europe,Germany,German,Art,Mixed,Mixed,
8,6,15,,Christiane F.,,,,,,,,,,,,,
8,6,15,,Christiane F.,,,,,,,,,,,,,
8,6,15,,Run Lola Run,,,,,,,,,,,,,
8,6,10,,Run Lola Run,,,,,,,,,,,,,
8,6,10,,Goodbye Lenin,,,,,,,,,,,,,
8,6,10,,The Lives of Others,,,,,,,,,,,,,
8,6,10,,The Lives of Others,,,,,,,,,,,,,
8,7,20,Philip Marlowe [or Philip Marlowe],Marlowe,Character,,1969,,AP,2,North America,USA,English,Mixed,Drama,Mixed,
8,7,15,,The Long Goodbye,,,,,,,,,,,,,
8,7,15,,The Big Sleep,,,,,,,,,,,,,
8,7,15,,The Long Goodbye,,,,,,,,,,,,,
8,7,10,,The Long Goodbye,,,,,,,,,,,,,
8,7,10,,The Big Sleep,,,,,,,,,,,,,
8,7,10,,The Long Goodbye,,,,,,,,,,,,,
8,7,10,,The Big Sleep,,,,,,,,,,,,,
8,8,20,Sidney Lumet [or Sidney Arthur Lumet],Serpico,Director,,,,AP,2.5,North America,USA,English,Art,Drama,1970s,
8,8,15,,Serpico,,,,,,,,,,,,,
8,8,15,,Dog Day Afternoon,,,,,,,,,,,,,
8,8,15,,Serpico,,,,,,,,,,,,,
8,8,10,,Dog Day Afternoon,,,,,,,,,,,,,
8,8,10,,Dog Day Afternoon,,,,,,,,,,,,,
8,8,10,,Dog Day Afternoon,,,,,,,,,,,,,
8,8,10,,Dog Day Afternoon,,,,,,,,,,,,,
8,9,20,Rebecca,,Film,,,,AP,3,Europe,England,English,Art,Drama,1940s,
8,9,15,,,,,,,,,,,,,,,
8,9,15,,,,,,,,,,,,,,,
8,9,15,,,,,,,,,,,,,,,
8,9,10,,,,,,,,,,,,,,,
8,9,10,,,,,,,,,,,,,,,
8,9,10,,,,,,,,,,,,,,,
8,9,10,,,,,,,,,,,,,,,
8,10,20,Taipei [or Taipei City; Tai-pak; or Taipeh; or Taihoku; accept Taipei Story],A Sun,Location,,2019,,AP,4.5,Asia,Taiwan,Mandarin,Art,Drama,1990s,
8,10,15,,Taipei Story,,,,,,,,,,,,,
8,10,15,,Terrorizers,,,,,,,,,,,,,
8,10,15,,A Brighter Summer Day,,,,,,,,,,,,,
8,10,10,,Yi Yi,,,,,,,,,,,,,
8,10,10,,Yi Yi,,,,,,,,,,,,,
8,10,10,,Yi Yi,,,,,,,,,,,,,
8,10,10,,A Brighter Summer Day,,,,,,,,,,,,,
9,1,20,Malcolm X,,Film,,,,AP,2.5,North America,USA,English,Art,Drama,1990s,
9,1,15,,,,,,,,,,,,,,,
9,1,15,,,,,,,,,,,,,,,
9,1,15,,,,,,,,,,,,,,,
9,1,10,,,,,,,,,,,,,,,
9,1,10,,,,,,,,,,,,,,,
9,1,10,,,,,,,,,,,,,,,
9,1,10,,,,,,,,,,,,,,,
9,2,20,"Conrad Hall [or Conrad Lafcadio Hall; or Conrad L. Hall, Sr.]",In Cold Blood,Crew,,,,AP,5,North America,USA,English,Art,Drama,Mixed,
9,2,20,,Cool Hand Luke,,,,,,,,,,,,,
9,2,15,,In Cold Blood,,,,,,,,,,,,,
9,2,15,,Cool Hand Luke,,,,,,,,,,,,,
9,2,15,,Road to Perdition,,,,,,,,,,,,,
9,2,15,,Road to Perdition,,,,,,,,,,,,,
9,2,10,,American Beauty,,,,,,,,,,,,,
9,2,10,,American Beauty,,,,,,,,,,,,,
9,3,20,La Strada [or The Street; accept The Road],,Film,,,,AP,3.5,Europe,Italy,Italian,Art,Drama,1960s,
9,3,15,,,,,,,,,,,,,,,
9,3,15,,,,,,,,,,,,,,,
9,3,15,,,,,,,,,,,,,,,
9,3,15,,,,,,,,,,,,,,,
9,3,10,,,,,,,,,,,,,,,
9,3,10,,,,,,,,,,,,,,,
9,3,10,,,,,,,,,,,,,,,
9,4,20,Leviathan [or Leviafan],,Film,,2014,Andrey Zvyagintsev,AP,5,Europe,Russia,Russian,Art,Drama,2010s,
9,4,15,,,,,,,,,,,,,,,
9,4,15,,,,,,,,,,,,,,,
9,4,15,,,,,,,,,,,,,,,
9,4,15,,,,,,,,,,,,,,,
9,4,10,,,,,,,,,,,,,,,
9,4,10,,,,,,,,,,,,,,,
9,4,10,,,,,,,,,,,,,,,
9,5,20,The Elephant Man,,Film,,,,AP,3,North America,USA,English,Art,Drama,1980s,
9,5,15,,,,,,,,,,,,,,,
9,5,15,,,,,,,,,,,,,,,
9,5,15,,,,,,,,,,,,,,,
9,5,10,,,,,,,,,,,,,,,
9,5,10,,,,,,,,,,,,,,,
9,5,10,,,,,,,,,,,,,,,
9,5,10,,,,,,,,,,,,,,,
9,6,20,"Beau Travail (""boh trah-VYE"") [or Good Work]",,Film,,,,AP,4,Europe,Mixed,Mixed,Art,Mixed,Mixed,
9,6,15,,,,,,,,,,,,,,,
9,6,15,,,,,,,,,,,,,,,
9,6,15,,,,,,,,,,,,,,,
9,6,10,,,,,,,,,,,,,,,
9,6,10,,,,,,,,,,,,,,,
9,6,10,,,,,,,,,,,,,,,
9,6,10,,,,,,,,,,,,,,,
9,7,20,Thailand [or Kingdom of Thailand; or Ratcha-anachak Thai],Tropical Malady,Location,,,,AP,3.5,Asia,Thailand,Thai,Art,Mixed,2000s,
9,7,15,,Tropical Malady,,,,,,,,,,,,,
9,7,15,,Uncle Boonmee Who Can Recall His Past Lives,,,,,,,,,,,,,
9,7,15,,Uncle Boonmee Who Can Recall His Past Lives,,,,,,,,,,,,,
9,7,10,,Tropical Malady,,,,,,,,,,,,,
9,7,10,,Uncle Boonmee Who Can Recall His Past Lives,,,,,,,,,,,,,
9,7,10,,Tropical Malady,,,,,,,,,,,,,
9,7,10,,Uncle Boonmee Who Can Recall His Past Lives,,,,,,,,,,,,,
9,8,20,"I [or I, Daniel Blake; or I, Tonya]","I, Daniel Blake",Misc,,,,AP,2,Mixed,Mixed,English,Mixed,Drama,2010s,
9,8,15,,"I, Daniel Blake",,,,,,,,,,,,,
9,8,15,,"I, Daniel Blake",,,,,,,,,,,,,
9,8,15,,"I, Tonya",,,,,,,,,,,,,
9,8,10,,"I, Tonya",,,,,,,,,,,,,
9,8,10,,"I, Daniel Blake",,,,,,,,,,,,,
9,8,10,,"I, Tonya",,,,,,,,,,,,,
9,8,10,,"I, Tonya",,,,,,,,,,,,,
9,9,20,"A Separation [or Jodâyi-e Nâder az Simin; or Nader and Simin, A Separation]",,Film,,2011,,AP,3.5,Asia,Iran,Farsi,Art,Drama,2000s,
9,9,15,,,,,,,,,,,,,,,
9,9,15,,,,,,,,,,,,,,,
9,9,15,,,,,,,,,,,,,,,
9,9,10,,,,,,,,,,,,,,,
9,9,10,,,,,,,,,,,,,,,
9,9,10,,,,,,,,,,,,,,,
9,9,10,,,,,,,,,,,,,,,
9,10,20,Titane,,Film,,,,AP,4,Europe,France,French,Art,Horror,2010s,
9,10,15,,,,,,,,,,,,,,,
9,10,15,,,,,,,,,,,,,,,
9,10,15,,,,,,,,,,,,,,,
9,10,10,,,,,,,,,,,,,,,
9,10,10,,,,,,,,,,,,,,,
9,10,10,,,,,,,,,,,,,,,
9,10,10,,,,,,,,,,,,,,,
10,1,20,Spirit of the Beehive [or El espíritu de la colmena],,Film,,,,AP,4.5,Europe,Spain,Spanish,Art,Drama,1970s,
10,1,15,,,,,,,,,,,,,,,
10,1,15,,,,,,,,,,,,,,,
10,1,15,,,,,,,,,,,,,,,
10,1,10,,,,,,,,,,,,,,,
10,1,10,,,,,,,,,,,,,,,
10,1,10,,,,,,,,,,,,,,,
10,1,10,,,,,,,,,,,,,,,
10,2,20,On the Waterfront,,Film,,,,AP,3,North America,USA,English,Art,Drama,1950s,
10,2,15,,,,,,,,,,,,,,,
10,2,15,,,,,,,,,,,,,,,
10,2,15,,,,,,,,,,,,,,,
10,2,10,,,,,,,,,,,,,,,
10,2,10,,,,,,,,,,,,,,,
10,2,10,,,,,,,,,,,,,,,
10,2,10,,,,,,,,,,,,,,,
10,3,20,Chimes at Midnight [or Campanadas a medianoche; accept Falstaff],,Film,,,,AP,4,Europe,Spain,English,Art,Drama,1960s,
10,3,15,,,,,,,,,,,,,,,
10,3,15,,,,,,,,,,,,,,,
10,3,15,,,,,,,,,,,,,,,
10,3,10,,,,,,,,,,,,,,,
10,3,10,,,,,,,,,,,,,,,
10,3,10,,,,,,,,,,,,,,,
10,3,10,,,,,,,,,,,,,,,
10,4,20,Black Girl [or La noir de...],,Film,,,,AP,4.5,Africa,Senegal,French,Art,Drama,1960s,
10,4,15,,,,,,,,,,,,,,,
10,4,15,,,,,,,,,,,,,,,
10,4,15,,,,,,,,,,,,,,,
10,4,15,,,,,,,,,,,,,,,
10,4,10,,,,,,,,,,,,,,,
10,4,10,,,,,,,,,,,,,,,
10,4,10,,,,,,,,,,,,,,,
10,5,20,Xavier Dolan [or Xavier Dolan-Tadros],Heartbeats,Director,,,,AP,4,North America,Canada,French,Art,Drama,2000s,
10,5,15,,I Killed My Mother,,,,,,,,,,,,,
10,5,15,,Laurence Anyways,,,,,,,,,,,,,
10,5,15,,"""Hello""",,Music Video,,,,,,,,,,,
10,5,10,,Mommy,,,,,,,,,,,,,
10,5,10,,"""Hello""",,Music Video,,,,,,,,,,,
10,5,10,,Mommy,,,,,,,,,,,,,
10,5,10,,I Killed My Mother,,,,,,,,,,,,,
10,6,20,City Lights,,Film,,,,AP,3,North America,USA,Silent,Art,Comedy,1920s,
10,6,15,,,,,,,,,,,,,,,
10,6,15,,,,,,,,,,,,,,,
10,6,15,,,,,,,,,,,,,,,
10,6,10,,,,,,,,,,,,,,,
10,6,10,,,,,,,,,,,,,,,
10,6,10,,,,,,,,,,,,,,,
10,6,10,,,,,,,,,,,,,,,
10,7,20,white [or weisse; or blanc; or biały; or The White Ribbon; or Das Weisse Band; or Three Colours: White; or Trois couleurs: Blanc; or Trzy kolory: Biały],The White Ribbon,Misc,,,,AP,3,Europe,Mixed,Mixed,Art,Drama,Mixed,
10,7,15,,The White Ribbon,,,,,,,,,,,,,
10,7,15,,Three Colours: White,,,,,,,,,,,,,
10,7,15,,The White Ribbon,,,,,,,,,,,,,
10,7,15,,Three Colours: White,,,,,,,,,,,,,
10,7,10,,The White Ribbon,,,,,,,,,,,,,
10,7,10,,Three Colours: White,,,,,,,,,,,,,
10,7,10,,Three Colours: White,,,,,,,,,,,,,
10,8,20,In a Lonely Place,,Film,,,,AP,4,North America,USA,English,Art,Drama,1940s,
10,8,15,,,,,,,,,,,,,,,
10,8,15,,,,,,,,,,,,,,,
10,8,15,,,,,,,,,,,,,,,
10,8,10,,,,,,,,,,,,,,,
10,8,10,,,,,,,,,,,,,,,
10,8,10,,,,,,,,,,,,,,,
10,8,10,,,,,,,,,,,,,,,
10,9,20,Vittorio De Sica,Umberto D.,Director,,,,AP,3,Europe,Italy,Italian,Art,Drama,1950s,
10,9,15,,Umberto D.,,,,,,,,,,,,,
10,9,15,,Umberto D.,,,,,,,,,,,,,
10,9,15,,Bicycle Thieves,,,,,,,,,,,,,
10,9,10,,Umberto D.,,,,,,,,,,,,,
10,9,10,,Bicycle Thieves,,,,,,,,,,,,,
10,9,10,,Bicycle Thieves,,,,,,,,,,,,,
10,9,10,,Bicycle Thieves,,,,,,,,,,,,,
10,10,20,To Kill a Mockingbird,,Film,,,,AP,2,North America,USA,English,Pop,Drama,1960s,
10,10,15,,,,,,,,,,,,,,,
10,10,15,,,,,,,,,,,,,,,
10,10,15,,,,,,,,,,,,,,,
10,10,10,,,,,,,,,,,,,,,
10,10,10,,,,,,,,,,,,,,,
10,10,10,,,,,,,,,,,,,,,
10,10,10,,,,,,,,,,,,,,,
TB,1,20,The Treasure of the Sierra Madre,,Film,,,,AP,3,North America,USA,English,Art,Western,1940s,
TB,1,15,,,,,,,,,,,,,,,
TB,1,15,,,,,,,,,,,,,,,
TB,1,15,,,,,,,,,,,,,,,
TB,1,10,,,,,,,,,,,,,,,
TB,1,10,,,,,,,,,,,,,,,
TB,1,10,,,,,,,,,,,,,,,
TB,1,10,,,,,,,,,,,,,,,
TB,2,20,Mississippi [or Mississippi Masala; or Mississippi Burning],Mississippi Masala,Location,,,,AP,2,North America,USA,English,Pop,Mixed,1990s,
TB,2,15,,Mississippi Burning,,,,,,,,,,,,,
TB,2,15,,Mississippi Masala,,,,,,,,,,,,,
TB,2,15,,Mississippi Burning,,,,,,,,,,,,,
TB,2,10,,Mississippi Masala,,,,,,,,,,,,,
TB,2,10,,Mississippi Masala,,,,,,,,,,,,,
TB,2,10,,Mississippi Burning,,,,,,,,,,,,,
TB,2,10,,Mississippi Burning,,,,,,,,,,,,,
TB,3,20,magnificent [or The Magnificent Ambersons; or The Magnificent Seven],The Magnificent Ambersons,Misc,,,,AP,3,Mixed,Mixed,Mixed,Mixed,Mixed,Mixed,
TB,3,15,,The Magnificent Ambersons,,,,,,,,,,,,,
TB,3,15,,The Magnificent Ambersons,,,,,,,,,,,,,
TB,3,15,,The Magnificent Ambersons,,,,,,,,,,,,,
TB,3,10,,The Magnificent Ambersons,,,,,,,,,,,,,
TB,3,10,,The Magnificent Seven,,,,,,,,,,,,,
TB,3,10,,The Magnificent Ambersons,,,,,,,,,,,,,
TB,3,10,,The Magnificent Seven,,,,,,,,,,,,,
TB,4,20,Ophüls [or Max Ophüls; or Marcel Ophüls; accept Maximillian Oppenheimer],The Sorrow and the Pity,Surname,,,,AP,4.5,Europe,France,French,Art,Mixed,Mixed,
TB,4,15,,Letter From an Unknown Woman,,,,,,,,,,,,,
TB,4,15,,La Ronde,,,,,,,,,,,,,
TB,4,15,,Letter From an Unknown Woman,,,,,,,,,,,,,
TB,4,10,,Lola Montes,,,,,,,,,,,,,
TB,4,10,,The Earrings of Madame De...,,,,,,,,,,,,,
TB,4,10,,Le Plaisir,,,,,,,,,,,,,
TB,4,10,,The Earrings of Madame De...,,,,,,,,,,,,,
TB,5,20,The Beatles,A Hard Day's Night,Misc,,,,AP,2.5,Mixed,Mixed,English,Mixed,Mixed,1960s,
TB,5,15,,Wavelength,,,,,,,,,,,,,
TB,5,15,,A Hard Day's Night,,,,,,,,,,,,,
TB,5,15,,A Hard Day's Night,,,,,,,,,,,,,
TB,5,10,,A Hard Day's Night,,,,,,,,,,,,,
TB,5,10,,A Hard Day's Night,,,,,,,,,,,,,
TB,5,10,,A Hard Day's Night,,,,,,,,,,,,,
TB,5,10,,A Hard Day's Night,,,,,,,,,,,,,
TB,6,20,Tom Hardy [or Edward Thomas Hardy],Inception,Crew,,,,AP,1.5,Mixed,Mixed,English,Pop,Mixed,Mixed,
TB,6,15,,Inception,,,,,,,,,,,,,
TB,6,15,,Locke,,,,,,,,,,,,,
TB,6,15,,Warrior,,,,,,,,,,,,,
TB,6,10,,Bronson,,,,,,,,,,,,,
TB,6,10,,Bronson,,,,,,,,,,,,,
TB,6,10,,Dunkirk,,,,,,,,,,,,,
TB,6,10,,The Dark Knight Rises,,,,,,,,,,,,,
TB,7,20,BBC [or British Broadcasting Corporation],The World at War,Misc,Television,,David Elstein,AP,1.5,Europe,England,English,Pop,Documentary,2000s,
TB,7,15,,Louis Theroux: Law and Disorder in Philadelphia,,Television,,Emma Cooper,,,,,,,,,
TB,7,15,,The Most Hated Family in America,,Television,,Geoffrey O'Connor,,,,,,,,,
TB,7,15,,Louis Theroux's Weird Weekends: Boer Separatists,,Television,,Kate Townsend,,,,,,,,,
TB,7,10,,Louis Theroux's Weird Weekends: Looking for Love,,Television,,Catey Sexton,,,,,,,,,
TB,7,10,,Planet Earth,,Television,,Alastair Fothergill,,,,,,,,,
TB,7,10,,Planet Earth II,,Television,,Elizabeth White,,,,,,,,,
TB,7,10,,Planet Earth,,Television,,Alastair Fothergill,,,,,,,,,
TB,8,,,,,,,,,,,,,,,,
TB,8,,,,,,,,,,,,,,,,
TB,8,,,,,,,,,,,,,,,,
TB,8,,,,,,,,,,,,,,,,
TB,8,,,,,,,,,,,,,,,,
TB,8,,,,,,,,,,,,,,,,
TB,8,,,,,,,,,,,,,,,,
TB,8,,,,,,,,,,,,,,,,
TB,9,,,,,,,,,,,,,,,,
TB,9,,,,,,,,,,,,,,,,
TB,9,,,,,,,,,,,,,,,,
TB,9,,,,,,,,,,,,,,,,
TB,9,,,,,,,,,,,,,,,,
TB,9,,,,,,,,,,,,,,,,
TB,9,,,,,,,,,,,,,,,,
TB,9,,,,,,,,,,,,,,,,
TB,10,,,,,,,,,,,,,,,,
TB,10,,,,,,,,,,,,,,,,
TB,10,,,,,,,,,,,,,,,,
TB,10,,,,,,,,,,,,,,,,
TB,10,,,,,,,,,,,,,,,,
TB,10,,,,,,,,,,,,,,,,
TB,10,,,,,,,,,,,,,,,,
TB,10,,,,,,,,,,,,,,,,